{
    "age": 33,
    "region": {
        "x": 519,
        "y": 84,
        "w": 516,
        "h": 516
    },
    "gender": "Man",
    "race": {
        "asian": 0.009384569980308859,
        "indian": 0.2060569945607778,
        "black": 0.0014208239855316794,
        "white": 76.1394486510425,
        "middle eastern": 19.85790996896684,
        "latino hispanic": 3.7857832780947254
    },
    "dominant_race": "white",
    "emotion": {
        "angry": 0.02551506900607717,
        "disgust": 0.00020976908445404348,
        "fear": 64.44017118928775,
        "happy": 27.503329217037056,
        "sad": 0.0712385840075661,
        "surprise": 6.277316060386173,
        "neutral": 1.6822131207927322
    },
    "dominant_emotion": "fear"
}